wire,wire,wire,Switch_S1,wire,wire,wire,wire,Inductor_L1,wire,Resistor_R1,wire,Ammeter_A1,wire,wire,wire,wire,wire,wire,wire,wire
wire,,,,,wire,,,,,,,,,wire,,,wire,,,wire
wire,,,,,wire,,,,,,,,,wire,,,wire,,,wire
wire,,,,,wire,,,,,,,,,wire,,,wire,,,wire
wire,,,,,wire,,,,,,,,,Capacitor_Cdc,,,wire,,,wire
wire,,,,,wire,,,,,,,,,wire,,,wire,,,wire
VoltageSource_Vin,,,,,Diode_D1,,,,,,,,,wire,,,Voltmeter_Vo,,,Resistor_Rload
wire,,,,,wire,,,,,,,,,wire,,,wire,,,wire
wire,,,,,wire,,,,,,,,,wire,,,wire,,,wire
wire,,,,,wire,,,,,,,,,Resistor_Cdc,,,wire,,,wire
wire,,,,,wire,,,,,,,,,wire,,,wire,,,wire
wire,,,,,wire,,,,,,,,,wire,,,wire,,,wire
wire,,,,,wire,,,,,,,,,wire,,,wire,,,wire
wire,wire,wire,wire,wire,wire,wire,wire,wire,wire,wire,wire,wire,wire,wire,wire,wire,wire,wire,wire,wire
