Capacitor, Cdc, 5O, 0.001, Positive polarity towards (cell) = 4O, 
Voltmeter, Vo, 7R, Rated voltage level to be measured = 1000.0, Positive polarity towards (cell) = 6R, 
Resistor, Cdc, 10O, 0.01, 
Ammeter, A1, 1M, Positive polarity towards (cell) = 1N, 
Resistor, Rload, 7U, 10.0, 
Switch, S1, 1D, Voltage level (V) = 1000.000000, Negative polarity towards (cell) = 1E, Name of control signal = S1gate, 
Diode, D1, 7F, Voltage level (V) = 1000.000000, Cathode polarity towards (cell) = 6F, 
Resistor, R1, 1K, 0.01, 
Inductor, L1, 1I, 0.001, 
VoltageSource, Vin, 7A, Peak (Volts) = 0.000000, Frequency (Hertz) = 0.000000, Phase (degrees) = 0.000000, Dc offset = 200.000000, Positive polarity towards (cell) = 6A, 
