Input, Element name in circuit spreadsheet = Voltmeter_Vo, Desired variable name in control code = voutput, ,
StaticVariable, Desired variable name in control code = duty_ratio, Initial value of variable = 0.0, ,
StaticVariable, Desired variable name in control code = err, Initial value of variable = 0.0,,
StaticVariable, Desired variable name in control code = err_integ, Initial value of variable = 0.0,,
TimeEvent, Desired variable name in control code = t1, First time event = 0.0, ,
VariableStorage, Desired variable name in control code = convcontrol_dutyratio, Initial value of variable = 0.0, Plot variable in output file = yes, 
