Output, Element name in circuit spreadsheet = Switch_S1, Control tag defined in parameters spreadsheet = s1, Desired variable name in control code = s1_gate_signal, Initial output value = 0.0, 
StaticVariable, Desired variable name in control code = carr_signal, Initial value of variable = 0.0, 
StaticVariable, Desired variable name in control code = mod_signal, Initial value of variable = 0.0, 
StaticVariable, Desired variable name in control code = gate_signal, Initial value of variable = 0.0, 
TimeEvent, Desired variable name in control code = t1, First time event = 0.0, 
VariableStorage, Desired variable name in control code = buck_carr_signal, Initial value of variable = 0.0, Plot variable in output file = yes, 
VariableStorage, Desired variable name in control code = buck_gate_signal, Initial value of variable = 0.0, Plot variable in output file = yes, 
