wire,Ammeter_input,wire,Switch_S1,wire,wire,wire,Ammeter_inductor,wire,Resistor_Lfilter,wire,Inductor_filter,wire,wire,wire,wire,wire,wire,wire,wire
wire,,,,,wire,,,,,,,,wire,,,wire,,,wire
wire,,,,,wire,,,,,,,,wire,,,wire,,,wire
wire,,,,,wire,,,,,,,,wire,,,wire,,,wire
wire,,,,,Ammeter_diode,,,,,,,,Resistor_Cfilter,,,wire,,,wire
wire,,,,,wire,,,,,,,,wire,,,wire,,,wire
wire,,,,,wire,,,,,,,,wire,,,wire,,,wire
VoltageSource_input,,,,,Diode_D1,,,,,,,,Capacitor_filter,,,Ammeter_load,,,Voltmeter_output
wire,,,,,wire,,,,,,,,wire,,,wire,,,wire
wire,,,,,wire,,,,,,,,wire,,,Resistor_load,,,wire
wire,,,,,wire,,,,,,,,wire,,,wire,,,wire
wire,,,,,wire,,,,,,,,Ammeter_capacitor,,,wire,,,wire
wire,,,,,wire,,,,,,,,wire,,,wire,,,wire
wire,,,,,wire,,,,,,,,wire,,,wire,,,wire
wire,,,,,wire,,,,,,,,wire,,,wire,,,wire
wire,wire,wire,wire,wire,wire,wire,wire,wire,wire,wire,wire,wire,wire,wire,wire,wire,wire,wire,wire
