Ammeter,input,1B,Positive polarity towards (cell) = 1C
Ammeter,inductor,1H,Positive polarity towards (cell) = 1I
Ammeter,diode,5F,Positive polarity towards (cell) = 4F
Ammeter,load,8Q,Positive polarity towards (cell) = 9Q
Ammeter,capacitor,12N,Positive polarity towards (cell) = 13N
Switch,S1,1D,Voltage level (V) = 1000.000000,Negative polarity towards (cell) = 1E,Name of control signal = s1
Resistor,Lfilter,1J,0.05
Resistor,Cfilter,5N,0.05
Resistor,load,10Q,5.0
Inductor,filter,1L,0.001
VoltageSource,input,8A,Peak (Volts) = 0.000000,Frequency (Hertz) = 0.000000,Phase (degrees) = 0.000000,Dc offset = 24.000000,Positive polarity towards (cell) = 7A
Diode,D1,8F,Voltage level (V) = 1000.000000,Cathode polarity towards (cell) = 7F
Capacitor,filter,8N,0.0002,Positive polarity towards (cell) = 7N
Voltmeter,output,8T,Rated voltage level to be measured = 1000.0,Positive polarity towards (cell) = 7T
