Input, Element name in circuit spreadsheet = Voltmeter_output, Desired variable name in control code = vout, 
StaticVariable, Desired variable name in control code = verr, Initial value of variable = 0.0, 
StaticVariable, Desired variable name in control code = vprop, Initial value of variable = 0.0, 
StaticVariable, Desired variable name in control code = vinteg, Initial value of variable = 0.0, 
TimeEvent, Desired variable name in control code = t1, First time event = 0.0, 
VariableStorage, Desired variable name in control code = vreg_error_voltage, Initial value of variable = 0.0, Plot variable in output file = yes, 
VariableStorage, Desired variable name in control code = vreg_control_output, Initial value of variable = 0.0, Plot variable in output file = yes, 
VariableStorage, Desired variable name in control code = vreg_duty_ratio, Initial value of variable = 0.0, Plot variable in output file = no, 
